#chr	start	end	mean_bad	id	max_cover	ref	alt	n_reps	bads	scorefiles	ref_counts	alt_counts	ref_es	alt_es	ref_pval	alt_pval	ref_comb_es	alt_comb_es	ref_comb_pval	alt_comb_pval	ref_fdr_comb_pval	alt_fdr_comb_pval	pref_allele	comb_es	comb_pval	fdr_comb_pval	ref_motif_pos	ref_motif_orient	alt_motif_pos	alt_motif_orient	ref_motif_pval	alt_motif_pval	motif_fc	motif_conc
chr16	46389973	46389974	3.0	rs4404093	30	C	G	1	3	ZNF596/ZNF596.AATA_AffSeq_D8_ZNF596.Cycle1.vcf.gz	12	18	-0.756884219017131	-0.1146289263940643	0.6117490811619207	0.482575345915563	-0.756884219017131	-0.1146289263940643	0.6117490811619207	0.482575345915563	0.6117490811619207	0.482575345915563	alt	-0.1146289263940643	0.482575345915563	0.482575345915563	-9	revcomp	-9	revcomp	0.0985153126612364	0.0771897628565933	0.3519384607969759	No Hit
