#chr	start	end	mean_bad	id	max_cover	ref	alt	n_reps	bads	scorefiles	ref_counts	alt_counts	ref_es	alt_es	ref_pval	alt_pval	ref_comb_es	alt_comb_es	ref_comb_pval	alt_comb_pval	ref_fdr_comb_pval	alt_fdr_comb_pval	pref_allele	comb_es	comb_pval	fdr_comb_pval	ref_motif_pos	ref_motif_orient	alt_motif_pos	alt_motif_orient	ref_motif_pval	alt_motif_pval	motif_fc	motif_conc
chr1	215295022	215295023	2.0	rs10864173	1916	G	A	2	2,2	ZNF773/ZNF773.YWS_B_AffSeq_F8_ZNF773-FL.Cycle2.vcf.gz,ZNF773/ZNF773.YWS_B_AffSeq_F8_ZNF773-FL.Cycle3.vcf.gz	21,420	58,1496	-1.2334830331188993,-1.300211625652123	1.280369208255471,1.7722595453729255	0.7067467843360665,0.6517186824933268	0.08721892656853407,6.911064988798091e-26	-1.270335982353111	1.752385158025076	0.7319288883324283	2.079291905805407e-13	0.7319288883324283	4.158583811610814e-13	alt	1.752385158025076	2.079291905805407e-13	4.158583811610814e-13	-2	direct	0	direct	0.0074211656932035	0.0263872229397882	-1.8301218019354475	No Hit
chr18	1699775	1699776	2.0	rs72863903	219	G	A	2	2,2	ZNF773/ZNF773.YWS_B_AffSeq_F8_ZNF773-FL.Cycle2.vcf.gz,ZNF773/ZNF773.YWS_B_AffSeq_F8_ZNF773-FL.Cycle3.vcf.gz	21,190	16,29	0.24546118867510192,2.806546949633228	-0.5776117868721009,-2.772264010051966	0.31771546891000685,1.5163715212256754e-11	0.47237913915727103,0.9999999994454861	2.6938576429919965	-0.5776117884947788	1.7612778493861063e-08	0.999999813356289	3.5225556987722133e-08	0.999999813356289	ref	2.6938576429919965	1.7612778493861063e-08	3.5225556987722133e-08	-21	direct	-21	direct	0.0178599403660169	0.0139937795111452	0.3519415977913664	No Hit
