#chr	start	end	mean_bad	id	max_cover	ref	alt	n_reps	bads	scorefiles	ref_counts	alt_counts	ref_es	alt_es	ref_pval	alt_pval	ref_comb_es	alt_comb_es	ref_comb_pval	alt_comb_pval	ref_fdr_comb_pval	alt_fdr_comb_pval	pref_allele	comb_es	comb_pval	fdr_comb_pval
chr14	90383207	90383208	2.0	rs117680626	21	T	C	1	2	CAMTA2/CAMTA2.THC_0232.vcf.gz	10	11	-0.2852482093390232	-0.041763956794740764	0.4510304015044396	0.38132253337122785	-0.2852482093390232	-0.041763956794740764	0.4510304015044396	0.38132253337122785	0.4510304015044396	0.38132253337122785	alt	-0.041763956794740764	0.38132253337122785	0.38132253337122785
