#chr	start	end	mean_bad	id	max_cover	ref	alt	n_reps	bads	scorefiles	ref_counts	alt_counts	ref_es	alt_es	ref_pval	alt_pval	ref_comb_es	alt_comb_es	ref_comb_pval	alt_comb_pval	ref_fdr_comb_pval	alt_fdr_comb_pval	pref_allele	comb_es	comb_pval	fdr_comb_pval
chr14	90383207	90383208	2.0	rs117680626	56	T	C	1	2	CAMTA1/CAMTA1.THC_0249.vcf.gz	22	34	-0.342485698004074	0.8409837102317415	0.3576016177407599	0.1931604078528118	-0.342485698004074	0.8409837102317415	0.3576016177407599	0.1931604078528118	0.47680215698767986	0.5645693397236113	alt	0.8409837102317415	0.1931604078528118	0.5645693397236113
chr16	1272108	1272109	2.0	rs9933940	23	A	G	1	2	CAMTA1/CAMTA1.THC_0249.vcf.gz	13	10	0.1799137138457687	-0.41918251721855704	0.31341576747236377	0.4827024374502595	0.1799137138457687	-0.41918251721855704	0.31341576747236377	0.4827024374502595	0.47680215698767986	0.6436032499336793	ref	0.1799137138457687	0.31341576747236377	0.47680215698767986
chr11	20387461	20387462	1.0	rs11025544	22	C	G	1	1	CAMTA1/CAMTA1.THC_0249.vcf.gz	10	12	-0.17625180409733376	0.29183109221650083	0.5874553537226868	0.28228466986180567	-0.17625180409733376	0.29183109221650083	0.5874553537226868	0.28228466986180567	0.5874553537226868	0.5645693397236113	alt	0.29183109221650083	0.28228466986180567	0.5645693397236113
chr18	79200726	79200727	2.0	rs28687390	20	G	A	1	2	CAMTA1/CAMTA1.THC_0249.vcf.gz	14	6	0.7184088808158271	-1.2274521237890141	0.12949252892398255	0.8734212129477078	0.7184088808158271	-1.2274521237890141	0.12949252892398255	0.8734212129477078	0.47680215698767986	0.8734212129477078	ref	0.7184088808158271	0.12949252892398255	0.47680215698767986
