#chr	start	end	mean_bad	id	max_cover	ref	alt	n_reps	bads	scorefiles	ref_counts	alt_counts	ref_es	alt_es	ref_pval	alt_pval	ref_comb_es	alt_comb_es	ref_comb_pval	alt_comb_pval	ref_fdr_comb_pval	alt_fdr_comb_pval	pref_allele	comb_es	comb_pval	fdr_comb_pval
chr16	46401544	46401545	3.0	rs4493078	41	A	G	2	3,3	SALL3/SALL3.THC_0314.Rep-DIANA_0293.vcf.gz,SALL3/SALL3.THC_0314.Rep-MICHELLE_0314.vcf.gz	13,11	13,30	-0.34359500856527747,-1.192200844855428	-0.6489010887139197,0.7387522732314009	0.3492943095812732,0.4911915216696453	0.4425392869005069,0.232305961049085	-0.6858374617477969	0.24148284949985158	0.39298451116014504	0.2788686420840736	0.39298451116014504	0.44742928840870283	alt	0.24148284949985158	0.2788686420840736	0.44742928840870283
chr16	46389973	46389974	3.0	rs4404093	174	C	G	2	3,3	SALL3/SALL3.THC_0314.Rep-DIANA_0293.vcf.gz,SALL3/SALL3.THC_0314.Rep-MICHELLE_0314.vcf.gz	33,60	65,114	-0.4277250841149103,-0.2707305912997473	0.8647781048255077,1.020255500505975	0.1767014889695548,0.1615214304570185	0.27324975835043136,0.2564979845017483	-0.3472452392663612	0.9443671285148707	0.10055826014704566	0.20212658262704447	0.34240963355193377	0.44742928840870283	ref	-0.3472452392663612	0.10055826014704566	0.34240963355193377
chr16	46388252	46388253	2.0	rs200614524	44	T	C	1	2	SALL3/SALL3.THC_0314.Rep-MICHELLE_0314.vcf.gz	25	19	0.5118604593963338	-0.15374734101671894	0.2568072251639503	0.33557196630652714	0.5118604593963338	-0.15374734101671894	0.2568072251639503	0.33557196630652714	0.34240963355193377	0.44742928840870283	ref	0.5118604593963338	0.2568072251639503	0.34240963355193377
chr8	7066361	7066362	2.0	rs7844029	25	T	A	1	2	SALL3/SALL3.THC_0314.Rep-MICHELLE_0314.vcf.gz	16	9	0.5736856054867685	-0.7634725375089628	0.20136711866043505	0.6049154464177311	0.5736856054867685	-0.7634725375089628	0.20136711866043505	0.6049154464177311	0.34240963355193377	0.6049154464177311	ref	0.5736856054867685	0.20136711866043505	0.34240963355193377
