#chr	start	end	mean_bad	id	max_cover	ref	alt	n_reps	bads	scorefiles	ref_counts	alt_counts	ref_es	alt_es	ref_pval	alt_pval	ref_comb_es	alt_comb_es	ref_comb_pval	alt_comb_pval	ref_fdr_comb_pval	alt_fdr_comb_pval	pref_allele	comb_es	comb_pval	fdr_comb_pval
chr16	46401544	46401545	3.0	rs4493078	88	A	G	1	3	ZNF233/ZNF233.THC_0431.Rep-MICHELLE_0314.vcf.gz	26	62	-0.7106452388774187	1.0059737859431497	0.23396455097419008	0.23623434980496147	-0.7106452388774187	1.0059737859431497	0.23396455097419008	0.23623434980496147	0.5865937199889016	0.3092353660301656	ref	-0.7106452388774187	0.23396455097419008	0.5865937199889016
chr16	46389973	46389974	3.0	rs4404093	245	C	G	1	3	ZNF233/ZNF233.THC_0431.Rep-MICHELLE_0314.vcf.gz	86	159	-0.21693797131100112	1.0156503219933848	0.1614073807077808	0.26326731356062133	-0.21693797131100112	1.0156503219933848	0.1614073807077808	0.26326731356062133	0.5865937199889016	0.3092353660301656	ref	-0.21693797131100112	0.1614073807077808	0.5865937199889016
chr16	46390789	46390790	3.0	rs4249114	304	C	G	1	3	ZNF233/ZNF233.THC_0431.Rep-MICHELLE_0314.vcf.gz	17	287	-3.3913060605292253	3.5628933342089937	0.9999999999999537	3.879227705058423e-16	-3.3913060605292253	3.5628933342089937	0.9999999999999537	3.879227705058423e-16	0.9999999999999537	2.327536623035054e-15	alt	3.5628933342089937	3.879227705058423e-16	2.327536623035054e-15
chr16	46388252	46388253	2.0	rs200614524	40	T	C	1	2	ZNF233/ZNF233.THC_0431.Rep-MICHELLE_0314.vcf.gz	21	19	0.2603216924003702	0.055392686156019444	0.2932968599944508	0.3092353660301656	0.2603216924003702	0.055392686156019444	0.2932968599944508	0.3092353660301656	0.5865937199889016	0.3092353660301656	ref	0.2603216924003702	0.2932968599944508	0.5865937199889016
chr1	224946113	224946114	4.0	rs2501068	26	C	G	1	4	ZNF233/ZNF233.THC_0431.Rep-MICHELLE_0314.vcf.gz	6	20	-1.9115789313696308	0.7784320327792353	0.7635334712134693	0.15710695320424	-1.9115789313696308	0.7784320327792353	0.7635334712134693	0.15710695320424	0.9999999999999537	0.3092353660301656	alt	0.7784320327792353	0.15710695320424	0.3092353660301656
chr7	138426886	138426887	2.0	rs2883142	25	G	A	1	2	ZNF233/ZNF233.THC_0431.Rep-MICHELLE_0314.vcf.gz	7	18	-1.2609923385982094	0.9767268079903699	0.8354312366120134	0.08575404747392583	-1.2609923385982094	0.9767268079903699	0.8354312366120134	0.08575404747392583	0.9999999999999537	0.25726214242177753	alt	0.9767268079903699	0.08575404747392583	0.25726214242177753
