#chr	start	end	mean_bad	id	max_cover	ref	alt	n_reps	bads	scorefiles	ref_counts	alt_counts	ref_es	alt_es	ref_pval	alt_pval	ref_comb_es	alt_comb_es	ref_comb_pval	alt_comb_pval	ref_fdr_comb_pval	alt_fdr_comb_pval	pref_allele	comb_es	comb_pval	fdr_comb_pval
chr16	46401544	46401545	3.0	rs4493078	79	A	G	1	3	ZNF516/ZNF516.THC_0419.Rep-MICHELLE_0314.vcf.gz	31	48	-0.18515270572588438	0.494571722713566	0.18215961868883734	0.30650791254244514	-0.18515270572588438	0.494571722713566	0.18215961868883734	0.30650791254244514	0.3572087474507305	0.37073785967979633	ref	-0.18515270572588438	0.18215961868883734	0.3572087474507305
chr16	46389973	46389974	3.0	rs4404093	345	C	G	1	3	ZNF516/ZNF516.THC_0419.Rep-MICHELLE_0314.vcf.gz	99	246	-0.6304425837004102	1.4498879994913345	0.1625184791828736	0.1588458038311698	-0.6304425837004102	1.4498879994913345	0.1625184791828736	0.1588458038311698	0.3572087474507305	0.37073785967979633	alt	1.4498879994913345	0.1588458038311698	0.37073785967979633
chr1	224013942	224013943	3.0	rs111205833	38	T	C	1	3	ZNF516/ZNF516.THC_0419.Rep-MICHELLE_0314.vcf.gz	23	15	0.3741481320103093	-0.9086627668337917	0.2857669979605844	0.3660005682436933	0.3741481320103093	-0.9086627668337917	0.2857669979605844	0.3660005682436933	0.3572087474507305	0.37073785967979633	ref	0.3741481320103093	0.2857669979605844	0.3572087474507305
chr1	224014168	224014169	3.0	rs56651706	45	G	A	1	3	ZNF516/ZNF516.THC_0419.Rep-MICHELLE_0314.vcf.gz	18	27	-0.39940351312145594	0.10513555081879389	0.23766810464239818	0.37073785967979633	-0.39940351312145594	0.10513555081879389	0.23766810464239818	0.37073785967979633	0.3572087474507305	0.37073785967979633	ref	-0.39940351312145594	0.23766810464239818	0.3572087474507305
chr10	38528687	38528688	3.0	rs4934958	53	G	C	1	3	ZNF516/ZNF516.THC_0419.Rep-MICHELLE_0314.vcf.gz	10	43	-1.673959433275964	1.3757793761161636	0.8269692471599818	0.06137789725517625	-1.673959433275964	1.3757793761161636	0.8269692471599818	0.06137789725517625	0.8269692471599818	0.30688948627588125	alt	1.3757793761161636	0.06137789725517625	0.30688948627588125
