#chr	start	end	mean_bad	id	max_cover	ref	alt	n_reps	bads	scorefiles	ref_counts	alt_counts	ref_es	alt_es	ref_pval	alt_pval	ref_comb_es	alt_comb_es	ref_comb_pval	alt_comb_pval	ref_fdr_comb_pval	alt_fdr_comb_pval	pref_allele	comb_es	comb_pval	fdr_comb_pval
chr8	37638002	37638003	2.0	rs6992720	21	G	A	1	2	ZNF503/ZNF503.THC_0203.vcf.gz	14	7	0.5979328484924777	-1.005059702452566	0.17197417723298933	0.754381496696004	0.5979328484924777	-1.005059702452566	0.17197417723298933	0.754381496696004	0.17197417723298933	0.754381496696004	ref	0.5979328484924777	0.17197417723298933	0.17197417723298933
chr1	940389	940390	2.0	rs4970379	35	A	G	2	2,2	ZNF503/ZNF503.THC_0203.vcf.gz,ZNF503/ZNF503.THC_0211.vcf.gz	24,18	9,17	1.1586481062079246,0.15261534479489303	-1.1820775485195814,0.03700476433992339	0.06686163112634244,0.31692039556394	0.7897164613526618,0.3315668803726968	0.8587086806482537	-0.17777212601749642	0.08685943443595184	0.6014167616615902	0.17197417723298933	0.754381496696004	ref	0.8587086806482537	0.08685943443595184	0.17197417723298933
