#chr	start	end	mean_bad	id	max_cover	ref	alt	n_reps	bads	scorefiles	ref_counts	alt_counts	ref_es	alt_es	ref_pval	alt_pval	ref_comb_es	alt_comb_es	ref_comb_pval	alt_comb_pval	ref_fdr_comb_pval	alt_fdr_comb_pval	pref_allele	comb_es	comb_pval	fdr_comb_pval
chr8	37638002	37638003	2.0	rs6992720	37	G	A	1	2	ZNF703/ZNF703.THC_0495.vcf.gz	27	10	1.2343614978681448	-1.1721573770556337	0.05783148655714966	0.7859951484391142	1.2343614978681448	-1.1721573770556337	0.05783148655714966	0.7859951484391142	0.2891574327857483	0.7859951484391142	ref	1.2343614978681448	0.05783148655714966	0.2891574327857483
chr1	941766	941767	2.0	rs114982608	20	G	A	1	2	ZNF703/ZNF703.THC_0495.vcf.gz	7	13	-0.9529133818998501	0.50724152468915	0.7396711387299219	0.19382464199116514	-0.9529133818998501	0.50724152468915	0.7396711387299219	0.19382464199116514	0.9998783382042933	0.24228080248895642	alt	0.50724152468915	0.19382464199116514	0.24228080248895642
chr7	27165662	27165663	1.0	rs3801776	21	A	G	1	1	ZNF703/ZNF703.THC_0495.vcf.gz	8	13	-0.5808784038054937	0.5916884619211347	0.8073661104806545	0.12736529338449654	-0.5808784038054937	0.5916884619211347	0.8073661104806545	0.12736529338449654	0.9998783382042933	0.2122754889741609	alt	0.5916884619211347	0.12736529338449654	0.2122754889741609
chr11	94238981	94238982	2.0	rs4313535	30	T	C	1	2	ZNF703/ZNF703.THC_0495.vcf.gz	6	24	-1.7996082756186622	1.5091915817014958	0.9686242776256553	0.016694010876685598	-1.7996082756186622	1.5091915817014958	0.9686242776256553	0.016694010876685598	0.9998783382042933	0.04173502719171399	alt	1.5091915817014958	0.016694010876685598	0.04173502719171399
chr16	46401544	46401545	3.0	rs4493078	90	A	G	1	3	ZNF703/ZNF703.THC_0495.vcf.gz	7	83	-2.9578845920205006	2.7753843071303272	0.9998783382042933	1.007653981985351e-05	-2.9578845920205006	2.7753843071303272	0.9998783382042933	1.007653981985351e-05	0.9998783382042933	5.038269909926755e-05	alt	2.7753843071303272	1.007653981985351e-05	5.038269909926755e-05
