#chr	start	end	mean_bad	id	max_cover	ref	alt	n_reps	bads	scorefiles	ref_counts	alt_counts	ref_es	alt_es	ref_pval	alt_pval	ref_comb_es	alt_comb_es	ref_comb_pval	alt_comb_pval	ref_fdr_comb_pval	alt_fdr_comb_pval	pref_allele	comb_es	comb_pval	fdr_comb_pval	ref_motif_pos	ref_motif_orient	alt_motif_pos	alt_motif_orient	ref_motif_pval	alt_motif_pval	motif_fc	motif_conc
chr14	90383207	90383208	2.0	rs117680626	56	T	C	1	2	CAMTA1/CAMTA1.THC_0249.vcf.gz	22	34	-0.342485698004074	0.8409837102317415	0.3576016177407599	0.1931604078528118	-0.342485698004074	0.8409837102317415	0.3576016177407599	0.1931604078528118	0.4768021569876798	0.5645693397236113	alt	0.8409837102317415	0.1931604078528118	0.5645693397236113	-6	revcomp	-6	revcomp	0.0170089896974755	0.0120881044356026	0.4927094202458384	No Hit
chr16	1272108	1272109	2.0	rs9933940	23	A	G	1	2	CAMTA1/CAMTA1.THC_0249.vcf.gz	13	10	0.1799137138457687	-0.419182517218557	0.3134157674723637	0.4827024374502595	0.1799137138457687	-0.419182517218557	0.3134157674723637	0.4827024374502595	0.4768021569876798	0.6436032499336793	ref	0.1799137138457687	0.3134157674723637	0.4768021569876798	-10	direct	-10	direct	0.0001358070391433988	2.5850361005569945e-05	2.393301925890704	Discordant
chr11	20387461	20387462	1.0	rs11025544	22	C	G	1	1	CAMTA1/CAMTA1.THC_0249.vcf.gz	10	12	-0.1762518040973337	0.2918310922165008	0.5874553537226868	0.2822846698618056	-0.1762518040973337	0.2918310922165008	0.5874553537226868	0.2822846698618056	0.5874553537226868	0.5645693397236113	alt	0.2918310922165008	0.2822846698618056	0.5645693397236113	-2	revcomp	-2	revcomp	6.594032100853957e-06	8.415792814320667e-06	-0.3519382775183848	Discordant
chr18	79200726	79200727	2.0	rs28687390	20	G	A	1	2	CAMTA1/CAMTA1.THC_0249.vcf.gz	14	6	0.7184088808158271	-1.227452123789014	0.1294925289239825	0.8734212129477078	0.7184088808158271	-1.227452123789014	0.1294925289239825	0.8734212129477078	0.4768021569876798	0.8734212129477078	ref	0.7184088808158271	0.1294925289239825	0.4768021569876798	-5	revcomp	-5	revcomp	0.0548570043880762	0.0575994393950462	-0.0703789280894841	No Hit
