#chr	start	end	mean_bad	id	max_cover	ref	alt	n_reps	bads	scorefiles	ref_counts	alt_counts	ref_es	alt_es	ref_pval	alt_pval	ref_comb_es	alt_comb_es	ref_comb_pval	alt_comb_pval	ref_fdr_comb_pval	alt_fdr_comb_pval	pref_allele	comb_es	comb_pval	fdr_comb_pval	ref_motif_pos	ref_motif_orient	alt_motif_pos	alt_motif_orient	ref_motif_pval	alt_motif_pval	motif_fc	motif_conc
chr14	90383207	90383208	2.0	rs117680626	21	T	C	1	2	CAMTA2/CAMTA2.THC_0232.vcf.gz	10	11	-0.2852482093390232	-0.0417639567947407	0.4510304015044396	0.3813225333712278	-0.2852482093390232	-0.0417639567947407	0.4510304015044396	0.3813225333712278	0.4510304015044396	0.3813225333712278	alt	-0.0417639567947407	0.3813225333712278	0.3813225333712278	-7	direct	0	revcomp	0.0133267078674517	0.0305463587927899	-1.196679985609878	No Hit
