#chr	start	end	mean_bad	id	max_cover	ref	alt	n_reps	bads	scorefiles	ref_counts	alt_counts	ref_es	alt_es	ref_pval	alt_pval	ref_comb_es	alt_comb_es	ref_comb_pval	alt_comb_pval	ref_fdr_comb_pval	alt_fdr_comb_pval	pref_allele	comb_es	comb_pval	fdr_comb_pval	ref_motif_pos	ref_motif_orient	alt_motif_pos	alt_motif_orient	ref_motif_pval	alt_motif_pval	motif_fc	motif_conc
chr8	37638002	37638003	2.0	rs6992720	21	G	A	1	2	ZNF503/ZNF503.THC_0203.vcf.gz	14	7	0.5979328484924777	-1.005059702452566	0.17197417723298933	0.754381496696004	0.5979328484924777	-1.005059702452566	0.1719741772329893	0.754381496696004	0.1719741772329893	0.754381496696004	ref	0.5979328484924777	0.1719741772329893	0.1719741772329893	-1	direct	-1	direct	0.0015571213775813	0.0016348340411517	-0.0702627822917534	No Hit
chr1	940389	940390	2.0	rs4970379	35	A	G	2	2,2	ZNF503/ZNF503.THC_0203.vcf.gz,ZNF503/ZNF503.THC_0211.vcf.gz	24,18	9,17	1.1586481062079246,0.15261534479489303	-1.1820775485195814,0.03700476433992339	0.06686163112634244,0.31692039556394	0.7897164613526618,0.3315668803726968	0.8587086806482537	-0.1777721260174964	0.0868594344359518	0.6014167616615902	0.1719741772329893	0.754381496696004	ref	0.8587086806482537	0.0868594344359518	0.1719741772329893	-3	direct	-4	revcomp	0.006105035219233	0.0067307037645834	-0.1407577434117209	No Hit
