#chr	start	end	mean_bad	id	max_cover	ref	alt	n_reps	bads	scorefiles	ref_counts	alt_counts	ref_es	alt_es	ref_pval	alt_pval	ref_comb_es	alt_comb_es	ref_comb_pval	alt_comb_pval	ref_fdr_comb_pval	alt_fdr_comb_pval	pref_allele	comb_es	comb_pval	fdr_comb_pval	ref_motif_pos	ref_motif_orient	alt_motif_pos	alt_motif_orient	ref_motif_pval	alt_motif_pval	motif_fc	motif_conc
chr8	37638002	37638003	2.0	rs6992720	37	G	A	1	2	ZNF703/ZNF703.THC_0495.vcf.gz	27	10	1.2343614978681448	-1.1721573770556335	0.0578314865571496	0.7859951484391142	1.2343614978681448	-1.1721573770556335	0.0578314865571496	0.7859951484391142	0.2891574327857483	0.7859951484391142	ref	1.2343614978681448	0.0578314865571496	0.2891574327857483	-2	direct	-3	revcomp	0.5698611812158667	0.3502077916353125	0.7023993379616553	No Hit
chr1	941766	941767	2.0	rs114982608	20	G	A	1	2	ZNF703/ZNF703.THC_0495.vcf.gz	7	13	-0.95291338189985	0.50724152468915	0.7396711387299219	0.1938246419911651	-0.95291338189985	0.50724152468915	0.7396711387299219	0.1938246419911651	0.9998783382042932	0.2422808024889564	alt	0.50724152468915	0.1938246419911651	0.2422808024889564	-6	revcomp	-3	revcomp	0.4240941825478273	0.2867596630872827	0.5645425908100511	No Hit
chr7	27165662	27165663	1.0	rs3801776	21	A	G	1	1	ZNF703/ZNF703.THC_0495.vcf.gz	8	13	-0.5808784038054937	0.5916884619211347	0.8073661104806545	0.1273652933844965	-0.5808784038054937	0.5916884619211347	0.8073661104806545	0.1273652933844965	0.9998783382042932	0.2122754889741609	alt	0.5916884619211347	0.1273652933844965	0.2122754889741609	-2	direct	-3	direct	0.1601696590299693	0.1853323650166146	-0.2105139608926245	No Hit
chr11	94238981	94238982	2.0	rs4313535	30	T	C	1	2	ZNF703/ZNF703.THC_0495.vcf.gz	6	24	-1.7996082756186622	1.5091915817014958	0.9686242776256552	0.0166940108766855	-1.7996082756186622	1.5091915817014958	0.9686242776256552	0.0166940108766855	0.9998783382042932	0.0417350271917139	alt	1.5091915817014958	0.0166940108766855	0.0417350271917139	-4	direct	-4	direct	0.1084887669490303	0.1763725719284773	-0.7010805496743621	No Hit
chr16	46401544	46401545	3.0	rs4493078	90	A	G	1	3	ZNF703/ZNF703.THC_0495.vcf.gz	7	83	-2.9578845920205006	2.7753843071303272	0.9998783382042932	1.007653981985351e-05	-2.9578845920205006	2.7753843071303272	0.9998783382042932	1.007653981985351e-05	0.9998783382042932	5.038269909926755e-05	alt	2.7753843071303272	1.007653981985351e-05	5.038269909926755e-05	-4	revcomp	-5	revcomp	0.0808508504529703	0.1384465845584632	-0.7759946089343088	No Hit
