#chr	start	end	mean_bad	id	max_cover	ref	alt	n_reps	bads	scorefiles	ref_counts	alt_counts	ref_es	alt_es	ref_pval	alt_pval	ref_comb_es	alt_comb_es	ref_comb_pval	alt_comb_pval	ref_fdr_comb_pval	alt_fdr_comb_pval	pref_allele	comb_es	comb_pval	fdr_comb_pval
chr16	46389973	46389974	3.0	rs4404093	237	C	G	4	3,3,3,3	TSHZ2/TSHZ2.YWH_B_AffSeq_B06_TSHZ2_DBD_2.Cycle1.vcf.gz,TSHZ2/TSHZ2.YWH_B_AffSeq_B06_TSHZ2_DBD_2.Cycle2.vcf.gz,TSHZ2/TSHZ2.YWH_B_AffSeq_B06_TSHZ2_DBD_2.Cycle3.vcf.gz,TSHZ2/TSHZ2.YWH_B_AffSeq_B06_TSHZ2_DBD_2.Cycle4.vcf.gz	15,45,80,51	23,97,157,100	-0.511382170914465,-1.0412105078727354,-0.8849229317863925,-0.9029499540735202	0.03445814059955499,0.7854161609726589,0.6346205967500085,0.7783786877109078	0.6169165043592894,0.3366758459864136,0.335382519962041,0.33552624244781154	0.4613375393971781,0.20285944185196064,0.3957810652528363,0.17013114871177704	-0.8874250189434371	0.6407143671677962	0.3277631633952698	0.15971245449519525	0.45452808490926255	0.2395686817427929	alt	0.6407143671677962	0.15971245449519525	0.2395686817427929
chr16	46401544	46401545	3.0	rs4493078	85	A	G	3	3,3,3	TSHZ2/TSHZ2.YWH_B_AffSeq_B06_TSHZ2_DBD_2.Cycle1.vcf.gz,TSHZ2/TSHZ2.YWH_B_AffSeq_B06_TSHZ2_DBD_2.Cycle2.vcf.gz,TSHZ2/TSHZ2.YWH_B_AffSeq_B06_TSHZ2_DBD_2.Cycle3.vcf.gz	5,17,23	9,45,62	-1.364895026392818,-1.305550678240671,-1.4038358483989537	-0.4884186011489353,0.9229909195130617,1.1639310371527518	1.0,0.521643063297966,0.4102698671866702	0.5560764081500682,0.12383310196194316,0.0662029691921879	-1.3623487124916007	0.8906898404590466	0.45452808490926255	0.07853258764554345	0.45452808490926255	0.23559776293663037	alt	0.8906898404590466	0.07853258764554345	0.23559776293663037
chr2	90401257	90401258	2.0	rs373433554	27	A	G	1	2	TSHZ2/TSHZ2.YWH_B_AffSeq_B06_TSHZ2_DBD_2.Cycle2.vcf.gz	15	12	-0.050012692913218526	-0.6103645578743047	0.33401072971053036	0.5066908323819852	-0.050012692913218526	-0.6103645578743047	0.33401072971053036	0.5066908323819852	0.45452808490926255	0.5066908323819852	ref	-0.050012692913218526	0.33401072971053036	0.45452808490926255
