#chr	start	end	mean_bad	id	max_cover	ref	alt	n_reps	bads	scorefiles	ref_counts	alt_counts	ref_es	alt_es	ref_pval	alt_pval	ref_comb_es	alt_comb_es	ref_comb_pval	alt_comb_pval	ref_fdr_comb_pval	alt_fdr_comb_pval	pref_allele	comb_es	comb_pval	fdr_comb_pval
chr16	46389973	46389974	3.0	rs4404093	52	C	G	2	3,3	ZNF264/ZNF264.AATA_AffSeq_C7_ZNF264.Cycle1.vcf.gz,ZNF264/ZNF264.AATA_AffSeq_C7_ZNF264.Cycle3.vcf.gz	18,7	34,8	-0.714881678846111,-0.9014946393765424	0.4293556343539917,-0.7936823835014892	0.6444857705962795,0.6832334373303304	0.3330995612991103,0.6378412863189002	-0.8015465478333192	0.07431006398102352	0.7125198207357044	0.4788569859538255	0.7125198207357044	0.6739294550411974	alt	0.07431006398102352	0.4788569859538255	0.6739294550411974
chr21	39664698	39664699	3.0	rs9976825	23	A	G	1	3	ZNF264/ZNF264.AATA_AffSeq_C7_ZNF264.Cycle3.vcf.gz	14	9	0.12053180077742409	-1.2233694444904453	0.3723046734233331	0.6739294550411974	0.12053180077742409	-1.2233694444904453	0.3723046734233331	0.6739294550411974	0.7125198207357044	0.6739294550411974	ref	0.12053180077742409	0.3723046734233331	0.7125198207357044
