#chr	start	end	mean_bad	id	max_cover	ref	alt	n_reps	bads	scorefiles	ref_counts	alt_counts	ref_es	alt_es	ref_pval	alt_pval	ref_comb_es	alt_comb_es	ref_comb_pval	alt_comb_pval	ref_fdr_comb_pval	alt_fdr_comb_pval	pref_allele	comb_es	comb_pval	fdr_comb_pval
chr17	36817086	36817087	2.0	rs2411173	20	C	T	2	2,2	ZNF234/ZNF234.YWR_B_AffSeq_G2_ZNF234-FL.Cycle2.vcf.gz,ZNF234/ZNF234.YWR_B_AffSeq_G2_ZNF234-FL.Cycle3.vcf.gz	6,13	6,7	-0.837918201467418,0.18377477901415773	-0.9048664877063279,-1.2370421610538371	0.8258696866008008,0.287951949241799	0.8478515054835415,0.8518292963471267	0.04768115206377241	-1.0685654108896485	0.6060490703367425	0.916796634155554	0.6060490703367425	0.916796634155554	ref	0.04768115206377241	0.6060490703367425	0.6060490703367425
chr18	10583248	10583249	2.0	rs76420134	385	C	T	2	2,2	ZNF234/ZNF234.YWR_B_AffSeq_G2_ZNF234-FL.Cycle2.vcf.gz,ZNF234/ZNF234.YWR_B_AffSeq_G2_ZNF234-FL.Cycle3.vcf.gz	19,192	21,193	-0.2692698053958482,0.36737748177563656	-0.1288307538567688,-0.05289486030166568	0.408006951022519,0.47135575916437594	0.31566196657470613,0.4166894823530838	0.02118598596952817	-0.09606002184130583	0.4202492771387591	0.32367824189065986	0.5603323695183454	0.8334275106335203	alt	-0.09606002184130583	0.32367824189065986	0.8334275106335203
chr12	91760686	91760687	2.0	rs1389474	376	G	A	2	2,2	ZNF234/ZNF234.YWR_B_AffSeq_G2_ZNF234-FL.Cycle2.vcf.gz,ZNF234/ZNF234.YWR_B_AffSeq_G2_ZNF234-FL.Cycle3.vcf.gz	14,218	5,158	0.4290524371389459,0.8018036446175989	-1.790724347197164,-0.5247929734484131	0.1832643666130394,0.11431047503942804	1.0,0.41671375531676014	0.6381851828786866	-0.5247929734484131	0.07901990398191541	0.41671375531676014	0.31607961592766165	0.8334275106335203	ref	0.6381851828786866	0.07901990398191541	0.31607961592766165
chr18	34491437	34491438	3.0	rs72639491	51	G	A	1	3	ZNF234/ZNF234.YWR_B_AffSeq_G2_ZNF234-FL.Cycle3.vcf.gz	33	18	0.7025473996201663	-1.0737165151901005	0.20397037981418825	0.6743494082865066	0.7025473996201663	-1.0737165151901005	0.20397037981418825	0.6743494082865066	0.4079407596283765	0.8991325443820087	ref	0.7025473996201663	0.20397037981418825	0.4079407596283765
