#chr	start	end	mean_bad	id	max_cover	ref	alt	n_reps	bads	scorefiles	ref_counts	alt_counts	ref_es	alt_es	ref_pval	alt_pval	ref_comb_es	alt_comb_es	ref_comb_pval	alt_comb_pval	ref_fdr_comb_pval	alt_fdr_comb_pval	pref_allele	comb_es	comb_pval	fdr_comb_pval
chr16	46389973	46389974	3.0	rs4404093	21	C	G	2	3,3	ZNF322/ZNF322.AATA_AffSeq_A6_ZNF322.Cycle1.vcf.gz,ZNF322/ZNF322.AATA_AffSeq_A6_ZNF322.Cycle3.vcf.gz	5,5	14,16	-1.7307377611784127,-1.9648095918444528	0.1490113194663567,0.34165639740875253	1.0,1.0	0.35775004407035876,0.2927744094180089	-1.8477736765114328	0.25389050444841565	1.0	0.27332299577602004	1.0	0.5782360736296559	alt	0.25389050444841565	0.27332299577602004	0.5782360736296559
chr12	43436808	43436809	3.0	rs140973351	30	T	C	1	3	ZNF322/ZNF322.AATA_AffSeq_A6_ZNF322.Cycle3.vcf.gz	24	6	1.043231219768995	-2.2826972290948477	0.08457918626061325	0.8883456772509235	1.043231219768995	-2.2826972290948477	0.08457918626061325	0.8883456772509235	0.42289593130306624	0.9999844032722361	ref	1.043231219768995	0.08457918626061325	0.42289593130306624
chr1	9316469	9316470	2.0	rs12734790	23	A	T	1	2	ZNF322/ZNF322.AATA_AffSeq_A6_ZNF322.Cycle3.vcf.gz	10	13	-0.6841066653391246	-0.16967935738507434	0.5584172516341328	0.34694164417779355	-0.6841066653391246	-0.16967935738507434	0.5584172516341328	0.34694164417779355	0.8514135174593954	0.5782360736296559	alt	-0.16967935738507434	0.34694164417779355	0.5782360736296559
chr3	5692717	5692718	5.0	rs7613263	25	A	G	1	5	ZNF322/ZNF322.AATA_AffSeq_A6_ZNF322.Cycle3.vcf.gz	18	7	-0.5658703578209288	-3.6292757070663133	0.675850849790682	0.9999844032722361	-0.5658703578209288	-3.6292757070663133	0.675850849790682	0.9999844032722361	0.8514135174593954	0.9999844032722361	ref	-0.5658703578209288	0.675850849790682	0.8514135174593954
chr14	55547169	55547170	2.0	rs9796397	25	A	G	1	2	ZNF322/ZNF322.AATA_AffSeq_A6_ZNF322.Cycle3.vcf.gz	9	16	-0.9769312326613466	0.19304122822856273	0.6811308139675164	0.255198926559212	-0.9769312326613466	0.19304122822856273	0.6811308139675164	0.255198926559212	0.8514135174593954	0.5782360736296559	alt	0.19304122822856273	0.255198926559212	0.5782360736296559
