#chr	start	end	mean_bad	id	max_cover	ref	alt	n_reps	bads	scorefiles	ref_counts	alt_counts	ref_es	alt_es	ref_pval	alt_pval	ref_comb_es	alt_comb_es	ref_comb_pval	alt_comb_pval	ref_fdr_comb_pval	alt_fdr_comb_pval	pref_allele	comb_es	comb_pval	fdr_comb_pval
chr3	198172996	198172997	3.0	rs111215245	32	G	A	1	3	ZNF827/ZNF827.YWS_B_AffSeq_D10_ZNF827-DBD1.Cycle2.vcf.gz	22	10	0.7137686060525041	-1.4790413715232709	0.16772101055786676	0.6091096499253222	0.7137686060525041	-1.4790413715232709	0.16772101055786676	0.6091096499253222	0.38237712625192677	0.8386664523831712	ref	0.7137686060525041	0.16772101055786676	0.38237712625192677
chr1	11440189	11440190	3.0	rs12132727	42	A	T	2	3,3	ZNF827/ZNF827.YWS_B_AffSeq_D10_ZNF827-DBD1.Cycle1.vcf.gz,ZNF827/ZNF827.YWS_B_AffSeq_D10_ZNF827-DBD1.Cycle2.vcf.gz	7,26	10,16	-0.938308090527189,0.41370203140927675	-0.47175428861412705,-0.9312575733211732	0.7283851931118704,0.318885736391576	0.5503414916672197,0.6446070516574681	0.12018774181308248	-0.6664551706173276	0.537487968088065	0.6289998392873783	0.71665062411742	0.8386664523831712	ref	0.12018774181308248	0.537487968088065	0.71665062411742
chr18	63797	63798	2.0	rs114940637	62	C	T	2	2,2	ZNF827/ZNF827.YWS_B_AffSeq_D10_ZNF827-DBD1.Cycle1.vcf.gz,ZNF827/ZNF827.YWS_B_AffSeq_D10_ZNF827-DBD1.Cycle2.vcf.gz	23,39	15,23	0.45406138526462847,0.7006090892786707	-0.7142561772550282,-0.7267845086875271	0.26728827263177984,0.24354007347711115	0.5297236565613778,0.49661211341195827	0.5815338403644138	-0.7208231320320759	0.19118856312596338	0.5174004687335468	0.38237712625192677	0.8386664523831712	ref	0.5815338403644138	0.19118856312596338	0.38237712625192677
chr22	44626540	44626541	6.0	rs112506930	34	A	G	1	6	ZNF827/ZNF827.YWS_B_AffSeq_D10_ZNF827-DBD1.Cycle2.vcf.gz	20	14	-1.8935404899515023	-3.0318690492520735	0.9886465588226925	0.9999517292209021	-1.8935404899515023	-3.0318690492520735	0.9886465588226925	0.9999517292209021	0.9886465588226925	0.9999517292209021	ref	-1.8935404899515023	0.9886465588226925	0.9886465588226925
